Year,HolidayName,StartDate,EndDate,Days,PreHolidayDate,IsLongHoliday,Source
2024,開國紀念日連假,2023-12-30,2024-01-01,3,2023-12-29,1,https://www.dgpa.gov.tw/information?pid=11398&uid=2
2024,農曆春節,2024-02-08,2024-02-14,7,2024-02-07,1,https://www.dgpa.gov.tw/information?pid=11398&uid=2
2024,和平紀念日,2024-02-28,2024-02-28,1,,0,https://www.dgpa.gov.tw/information?pid=11398&uid=2
2024,兒童節及清明節,2024-04-04,2024-04-07,4,2024-04-03,1,https://www.dgpa.gov.tw/information?pid=11398&uid=2
2024,端午節,2024-06-08,2024-06-10,3,2024-06-07,1,https://www.dgpa.gov.tw/information?pid=11398&uid=2
2024,中秋節,2024-09-17,2024-09-17,1,,0,https://www.dgpa.gov.tw/information?pid=11398&uid=2
2024,國慶日,2024-10-10,2024-10-10,1,,0,https://www.dgpa.gov.tw/information?pid=11398&uid=2
2025,開國紀念日,2025-01-01,2025-01-01,1,,0,https://www.dgpa.gov.tw/information?pid=12574&uid=82
2025,農曆春節,2025-01-25,2025-02-02,9,2025-01-24,1,https://www.dgpa.gov.tw/information?pid=12574&uid=82
2025,和平紀念日,2025-02-28,2025-03-02,3,2025-02-27,1,https://www.dgpa.gov.tw/information?pid=12574&uid=82
2025,兒童節及清明節,2025-04-03,2025-04-06,4,2025-04-02,1,https://www.dgpa.gov.tw/information?pid=12574&uid=82
2025,端午節,2025-05-30,2025-06-01,3,2025-05-29,1,https://www.dgpa.gov.tw/information?pid=12574&uid=82
2025,孔子誕辰紀念日／教師節,2025-09-27,2025-09-29,3,2025-09-26,1,https://www.dgpa.gov.tw/information?pid=12574&uid=82
2025,中秋節,2025-10-04,2025-10-06,3,2025-10-03,1,https://www.dgpa.gov.tw/information?pid=12574&uid=82
2025,國慶日,2025-10-10,2025-10-12,3,2025-10-09,1,https://www.dgpa.gov.tw/information?pid=12574&uid=82
2025,臺灣光復暨金門古寧頭大捷紀念日,2025-10-24,2025-10-26,3,2025-10-23,1,https://www.dgpa.gov.tw/information?pid=12574&uid=82
2025,行憲紀念日,2025-12-25,2025-12-25,1,,0,https://www.dgpa.gov.tw/information?pid=12574&uid=82
